peak position (wavenumber /cm),height (/cm),width of gaussian (/cm),
3.616000000000000000e+03,2.600000000000000089e+00,6.000000000000000000e+01
3.560000000000000000e+03,1.300000000000000044e+00,6.000000000000000000e+01
3.460000000000000000e+03,2.799999999999999822e+00,1.500000000000000000e+02
