peak position (wavenumber /cm),height (/cm),width of gaussian (/cm),
3.616000000000000000e+03,8.500000000000000000e+00,6.000000000000000000e+01
3.560000000000000000e+03,4.000000000000000000e+00,6.000000000000000000e+01
3.460000000000000000e+03,9.000000000000000000e+00,1.500000000000000000e+02
