peak position (wavenumber /cm),height (/cm),width of gaussian (/cm),area (/cm2)
3230.0,0.01,40.0,0.42457858895616957
3329.0,0.0,15.0,0.0
3358.0,0.0,10.0,0.0
3436.0,0.01,10.0,0.10614248292450484
3452.0,0.01,10.0,0.10614464991524677
3488.0,0.05,30.0,1.59216808205585
3525.0,0.16,25.0,4.245796649153898
3542.0,0.03,12.0,0.38212180105090116
3563.0,0.12,15.0,1.9105999793527813
3573.0,0.22,10.0,2.335149047739084
